du_unix_timestamp,d_iso,download_count_facebook/react,star_count_facebook/react,download_count_angular/angular,star_count_angular/angular,download_count_sveltejs/svelte,star_count_sveltejs/svelte,download_count_vuejs/core,star_count_vuejs/core,download_count_preactjs/preact,star_count_preactjs/preact,download_count_bigskysoftware/htmx,star_count_bigskysoftware/htmx,download_count_solidjs/solid,star_count_solidjs/solid
1451862000000,2016-01-04,245036,30243,,6542,,,8636,,278,141,,,,
1452466800000,2016-01-11,269427,30646,,6705,,,12720,,97,144,,,,
1453071600000,2016-01-18,252472,31019,,6843,,,14345,,124,147,,,,
1453676400000,2016-01-25,269430,31338,,6987,,,11361,,654,1408,,,,
1454281200000,2016-02-01,272925,31632,,7154,,,7995,,1314,1697,,,,
1454886000000,2016-02-08,252172,31846,,7278,,,5309,,572,1756,,,,
1455490800000,2016-02-15,274416,32210,,7457,,,6948,,410,1807,,,,
1456095600000,2016-02-22,280907,32641,,7608,,,6886,,559,1882,,,,
1456700400000,2016-02-29,301164,33050,,7758,,,9497,,458,1946,,,,
1457305200000,2016-03-07,306077,33455,,7934,,,9058,,871,2001,,,,
1457910000000,2016-03-14,308065,33911,,8123,,,10265,,718,2020,,,,
1458514800000,2016-03-21,283019,34420,,8327,,,31556,,597,2047,,,,
1459116000000,2016-03-28,313857,34785,,8486,,,12756,,309,2071,,,,
1459720800000,2016-04-04,421718,35245,,8660,,,27757,,261,2133,,,,
1460325600000,2016-04-11,403278,35697,,8850,,,36232,,2803,2154,,,,
1460930400000,2016-04-18,379125,36103,,9001,,,16998,,2125,2182,,,,
1461535200000,2016-04-25,348735,36482,,9160,,,12849,,1055,2227,,,,
1462140000000,2016-05-02,339513,36799,,9570,,,15164,,856,2266,,,,
1462744800000,2016-05-09,367667,37105,,9797,,,40110,,860,2283,,,,
1463349600000,2016-05-16,419469,37423,,9994,,,29530,,1777,2422,,,,
1463954400000,2016-05-23,418829,37761,,10164,,,29149,,3183,2478,,,,
1464559200000,2016-05-30,373003,38105,,10372,,,21689,,1955,2533,,,,
1465164000000,2016-06-06,377330,38391,,10537,,,24801,,3311,2607,,,,
1465768800000,2016-06-13,370451,38783,,10720,,,39678,,5893,2710,,,,
1466373600000,2016-06-20,380767,39126,,10924,,,24553,,4023,2796,,,,
1466978400000,2016-06-27,431128,39475,,11136,,,48627,,3306,2831,,,,
1467583200000,2016-07-04,415438,39863,,11371,,,36211,,3605,2882,,,,
1468188000000,2016-07-11,425237,40248,,11564,,,27215,,2841,2949,,,,
1468792800000,2016-07-18,417931,40714,,11757,,,28260,,5473,3032,,,,
1469397600000,2016-07-25,414534,41134,,11948,,,32534,,1362,3066,,,,
1470002400000,2016-08-01,443747,41505,,12111,,,31324,,1582,3122,,,,
1470607200000,2016-08-08,437397,41808,,12326,,,33514,,2023,3152,,,,
1471212000000,2016-08-15,468902,42188,,12499,,,29647,,2337,3219,,,,
1471816800000,2016-08-22,514026,42608,,12694,,,29872,,2141,3267,,,,
1472421600000,2016-08-29,454535,42962,,12909,,,27199,,2459,3436,,,,
1473026400000,2016-09-05,436406,43335,,13116,,,23769,,2152,3487,,,,
1473631200000,2016-09-12,476188,43718,,13614,,,25991,,2522,3531,,,,
1474236000000,2016-09-19,558031,44129,,13903,,,32010,,2092,3568,,,,
1474840800000,2016-09-26,541757,45134,20589,14128,,,51679,,3098,3647,,,,
1475445600000,2016-10-03,509437,45584,142405,14307,,,43068,,3483,3725,,,,
1476050400000,2016-10-10,540382,46013,147174,14494,,,44885,,2652,3793,,,,
1476655200000,2016-10-17,548036,46505,157682,14686,,,44040,,2500,4076,,,,
1477260000000,2016-10-24,540680,46959,156548,14856,,,43655,,3290,4176,,,,
1477868400000,2016-10-31,542077,47456,145314,15017,,,44711,,3299,4246,,,,
1478473200000,2016-11-07,541737,47874,140592,15163,,,48133,,3234,4362,,,,
1479078000000,2016-11-14,649023,48372,171349,15319,44,4,57121,,4118,4709,,,,
1479682800000,2016-11-21,577018,48720,170212,15451,253,35,56979,,3370,4948,,,,
1480287600000,2016-11-28,633433,49087,173799,15607,1276,2459,55056,,4999,5200,,,,
1480892400000,2016-12-05,642119,49466,190456,15778,995,2906,53266,,4950,5436,,,,
1481497200000,2016-12-12,634167,49834,196659,15986,784,3015,62426,,4604,5584,,,,
1482102000000,2016-12-19,546089,50241,187710,16183,578,3091,53002,,3809,5793,,,,
1482706800000,2016-12-26,311150,50638,122861,16337,243,3152,49380,,2277,5976,,,,
1483311600000,2017-01-02,540335,51034,174870,16497,514,3341,52631,,4466,6174,,,,
1483916400000,2017-01-09,722565,51460,221502,16662,613,3470,59302,,5038,6346,,,,
1484521200000,2017-01-16,693286,51894,224978,16848,763,3520,81735,,7729,6524,,,,
1485126000000,2017-01-23,708421,52312,229375,17017,521,3555,60283,,8293,6643,,,,
1485730800000,2017-01-30,705852,52702,242902,17193,515,3614,71550,,8293,6740,,,,
1486335600000,2017-02-06,734494,53124,268889,17396,436,3677,80151,,8830,6896,,,,
1486940400000,2017-02-13,738416,53577,265334,17612,476,3703,77952,,9768,6991,,,,
1487545200000,2017-02-20,766816,54137,294506,17841,1095,3754,104828,,8028,7113,,,,
1488150000000,2017-02-27,750042,54690,282765,18085,1599,3808,101674,,6303,7211,,,,
1488754800000,2017-03-06,787971,55154,282545,18321,1556,3843,118228,,9332,7328,,,,
1489359600000,2017-03-13,768543,55638,266676,18562,1446,3900,108894,,7179,7452,,,,
1489964400000,2017-03-20,851323,56212,325797,18977,1122,3950,123513,,8358,7552,,,,
1490565600000,2017-03-27,821163,56681,321162,19257,1878,3991,117133,,8671,7701,,,,
1491170400000,2017-04-03,922135,57088,300886,19488,959,4036,100690,,14890,7889,,,,
1491775200000,2017-04-10,989650,57612,301270,19701,2209,4079,109424,,8651,8014,,,,
1492380000000,2017-04-17,974857,58197,305916,19909,4082,4111,103397,,8785,8147,,,,
1492984800000,2017-04-24,997001,58676,342505,20130,1434,4141,121024,,9319,8269,,,,
1493589600000,2017-05-01,923226,59131,312171,20324,2668,4201,132098,,9432,8377,,,,
1494194400000,2017-05-08,1001751,59605,345508,20486,927,4252,141822,,10338,8487,,,,
1494799200000,2017-05-15,1019959,60073,348181,20709,1073,4277,125912,,12384,8685,,,,
1495404000000,2017-05-22,1006286,60557,323736,20898,858,4311,110003,,12074,8982,,,,
1496008800000,2017-05-29,1023637,60941,329736,21059,2283,4338,121688,,13375,9129,,,,
1496613600000,2017-06-05,1020047,61470,326355,21242,826,4373,139377,,11015,9298,,,,
1497218400000,2017-06-12,1157803,61912,379214,21432,2202,4393,134418,,11407,9536,,,,
1497823200000,2017-06-19,1221641,62394,403891,21648,2225,4419,133935,,12960,9666,,,,
1498428000000,2017-06-26,1118479,62943,383086,21835,2665,4442,127902,,13998,9921,,,,
1499032800000,2017-07-03,999894,63448,366000,22027,1665,4472,131426,,14284,10064,,,,
1499637600000,2017-07-10,1099971,63928,403139,22244,1562,4499,157033,,19345,10200,,,,
1500242400000,2017-07-17,1159789,64475,423786,22455,1431,4531,169112,,17593,10397,,,,
1500847200000,2017-07-24,1223200,65087,421138,22695,4056,4546,164173,,15805,10547,,,,
1501452000000,2017-07-31,1101092,65614,389123,22934,3161,4573,151152,,18643,10699,,,,
1502056800000,2017-08-07,1184380,66106,404198,23139,1881,4588,155120,,18454,10783,,,,
1502661600000,2017-08-14,1166204,66536,405313,23325,3053,4605,147553,,30200,11143,,,,
1503266400000,2017-08-21,1157501,66992,421696,23490,2089,4635,163034,,27485,12193,,,,
1503871200000,2017-08-28,1156048,67483,416088,23662,4321,4659,155984,,20909,12496,,,,
1504476000000,2017-09-04,1206494,68017,385522,23856,2583,4711,164172,,19294,12676,,,,
1505080800000,2017-09-11,1315644,68466,437496,24068,2358,4751,214952,,20111,13083,,,,
1505685600000,2017-09-18,1276988,69018,499756,24312,2476,4793,194064,,25455,14082,,,,
1506290400000,2017-09-25,1557996,69849,470926,24494,1540,4812,209850,,23771,14247,,,,
1506895200000,2017-10-02,1509201,70276,465004,24656,1982,4832,159198,,20565,14325,,,,
1507500000000,2017-10-09,1548156,71058,492103,24907,1072,4856,214488,,20293,14446,,,,
1508104800000,2017-10-16,1622432,71632,500400,25147,2299,4874,212525,,22051,14606,,,,
1508709600000,2017-10-23,1699957,72243,514046,25415,1683,4900,210775,,24849,14722,,,,
1509318000000,2017-10-30,1694265,72772,514584,25753,1414,4914,204702,,23857,14816,,,,
1509922800000,2017-11-06,1797549,73345,554766,26026,1433,4939,235470,,23211,14903,,,,
1510527600000,2017-11-13,1759602,73901,552457,26278,2132,4960,254285,,30630,15017,,,,
1511132400000,2017-11-20,1409930,74419,524981,26481,2603,4988,262120,,31900,15106,,,,
1511737200000,2017-11-27,1754459,74949,571508,26703,1840,5046,257134,,28211,15203,,,,
1512342000000,2017-12-04,1696568,75458,562672,26913,2853,5088,266415,,25183,15336,,,,
1512946800000,2017-12-11,1689047,75993,561267,27139,3288,5138,285032,,30323,15478,,,,
1513551600000,2017-12-18,1514970,76447,514534,27330,1858,5208,271137,,25615,15575,,,,
1514156400000,2017-12-25,806360,76856,301995,27498,1170,5240,156839,,16481,15670,,,,
1514761200000,2018-01-01,1235266,77321,435205,27700,2510,5573,218898,,19702,15753,,,,
1515366000000,2018-01-08,1734578,77882,595071,27926,2167,5632,266643,,27086,15877,,,,
1515970800000,2018-01-15,1703584,78489,606777,28187,2806,5670,267332,,29118,15999,,,,
1516575600000,2018-01-22,1786699,79116,609087,28406,1831,5726,299840,,29385,16136,,,,
1517180400000,2018-01-29,1932297,79692,622592,28633,2635,5756,267388,,30795,16231,,,,
1517785200000,2018-02-05,1914956,80244,623409,28876,2576,5781,265672,,35369,16333,,,,
1518390000000,2018-02-12,1995642,80667,612196,29077,1979,5809,248901,,37443,16431,,,,
1518994800000,2018-02-19,1950976,81140,650059,29283,3508,5839,266886,,40317,16518,,,,
1519599600000,2018-02-26,2122085,81738,644663,29525,2162,5879,314336,,46610,16612,,,,
1520204400000,2018-03-05,2156684,82344,660201,29754,9622,5917,331463,,49240,16681,,,,
1520809200000,2018-03-12,2243256,82925,689530,29987,5343,5964,387949,,50524,16770,,,,
1521414000000,2018-03-19,2284469,83596,663988,30205,3436,5995,375401,,46389,16836,,,,
1522015200000,2018-03-26,2167744,84222,586779,30414,12470,6095,337194,,43877,16931,,,,
1522620000000,2018-04-02,2246475,84843,584908,30630,4286,6164,326509,,45494,17006,,,,
1523224800000,2018-04-09,2351928,85425,590531,30882,8024,6216,341636,,47583,17092,,,,
1523829600000,2018-04-16,2455137,85979,686752,31132,10738,6256,351387,,45056,17171,,,,
1524434400000,2018-04-23,2286357,86507,637091,31398,7870,6304,358475,,52523,17247,,,46,
1525039200000,2018-04-30,2206020,86966,588661,31671,7602,6342,301465,,55945,17309,,,84,
1525644000000,2018-05-07,2313348,87433,657422,31908,4286,6361,336926,,46071,17400,,,40,
1526248800000,2018-05-14,2489430,88012,754573,32145,6290,6396,366113,,50259,17476,,,76,
1526853600000,2018-05-21,2353775,88600,618265,32353,4355,6429,335410,,50024,17553,,,58,2
1527458400000,2018-05-28,1954859,89126,943444,32538,1571,6461,298469,,44217,17652,,,208,4
1528063200000,2018-06-04,2587165,89720,722808,32741,3626,6485,387360,,55452,17736,,,196,8
1528668000000,2018-06-11,2664974,93983,703132,33068,2075,6518,373729,,54798,17816,,,19,10
1529272800000,2018-06-18,2718062,95863,718608,33325,4615,6635,377620,,49867,17895,,,23,10
1529877600000,2018-06-25,2671200,96620,708147,33577,3992,6699,389823,,53061,17959,,,31,10
1530482400000,2018-07-02,2340241,97259,643024,33833,2758,6808,378781,,49510,18022,,,4,10
1531087200000,2018-07-09,2708660,97850,744205,34058,6240,6872,407392,,55614,18089,,,4,10
1531692000000,2018-07-16,2644768,98434,816925,34347,6278,6923,416987,,59962,18153,,,62,11
1532296800000,2018-07-23,2711550,98949,863866,34602,5333,6975,432943,,59573,18218,,,357,11
1532901600000,2018-07-30,2889364,99537,926794,34836,7275,7013,493081,,61167,18285,,,122,11
1533506400000,2018-08-06,2781119,100047,920849,35043,8466,7101,493474,,66095,18381,,,462,11
1534111200000,2018-08-13,2660285,100554,864284,35233,6679,7174,459412,,68372,18474,,,143,11
1534716000000,2018-08-20,2761674,101091,890848,35479,10948,7228,490707,,69662,18569,,,9,11
1535320800000,2018-08-27,2761030,101678,932610,35717,9993,7263,500582,,72288,18630,,,80,12
1535925600000,2018-09-03,2729878,102267,896507,35960,10100,7310,503875,,74195,18718,,,87,12
1536530400000,2018-09-10,3139735,102763,897392,36187,9242,7358,534116,,97359,18776,,,54,12
1537135200000,2018-09-17,3273640,103274,948126,36410,9313,7390,548000,9,90864,18838,,,159,13
1537740000000,2018-09-24,3375184,103727,947744,36615,7612,7422,565998,10,90657,18928,,,38,13
1538344800000,2018-10-01,3554564,104089,830609,36804,7442,7451,540979,10,101075,18987,,,95,14
1538949600000,2018-10-08,3549757,104545,901678,36994,16737,7481,601131,10,100802,19050,,,137,16
1539554400000,2018-10-15,3664136,105060,899752,37267,13625,7512,619758,11,105215,19108,,,87,17
1540159200000,2018-10-22,3802717,105622,947716,37530,16549,7544,658218,12,107594,19186,,,43,19
1540767600000,2018-10-29,3527383,106140,879636,37733,14652,7599,600536,12,101321,19256,,,38,19
1541372400000,2018-11-05,3702899,106656,922696,37938,15814,7650,668353,12,98889,19332,,,30,19
1541977200000,2018-11-12,3717685,107183,959529,38139,6886,7714,642644,13,98135,19413,,,393,20
1542582000000,2018-11-19,3296732,107654,910601,38335,8388,7832,642453,13,92649,19521,,,13,20
1543186800000,2018-11-26,3860205,108239,1002159,38566,12055,7885,704130,13,109970,19612,,,11,22
1543791600000,2018-12-03,4014240,108713,992597,38744,12490,7914,749634,13,132615,19688,,,206,23
1544396400000,2018-12-10,3706335,109187,992752,38939,22802,7947,808379,13,108424,19757,,,250,23
1545001200000,2018-12-17,3629798,109730,948991,39142,23054,7978,789637,13,104250,19821,,,182,24
1545606000000,2018-12-24,1740536,110194,508525,39296,8824,8014,436344,13,48562,19877,,,398,25
1546210800000,2018-12-31,2394197,110571,610285,39448,16118,8057,459386,13,69476,19927,,,257,25
1546815600000,2019-01-07,4302434,111166,961972,39677,12488,8097,724420,13,101362,19990,,,264,29
1547420400000,2019-01-14,5059449,111726,1002113,39912,16285,8145,796994,13,111525,20063,,,239,29
1548025200000,2019-01-21,4965989,112279,1034434,40112,15160,8181,754680,14,107432,20114,,,18,33
1548630000000,2019-01-28,5273149,112834,1076612,40355,23185,8279,744594,14,111017,20166,,,160,35
1549234800000,2019-02-04,5382859,113440,1041682,40546,22197,8364,796711,14,108918,20218,,,111,35
1549839600000,2019-02-11,5723561,113962,1070988,40737,10604,8423,857015,14,114222,20294,,,95,58
1550444400000,2019-02-18,5589954,114484,1120923,40961,25801,8485,871898,14,118650,20367,,,264,58
1551049200000,2019-02-25,6125006,114982,1107815,41165,16806,8549,913240,14,122093,20437,,,12,58
1551654000000,2019-03-04,6275567,115517,1101304,41380,25763,8600,971225,14,135479,20592,,,7,59
1552258800000,2019-03-11,6246221,116044,1156000,41569,22963,8656,1013353,14,129454,20677,,,80,64
1552863600000,2019-03-18,5593869,116623,989073,41794,16133,8716,886172,14,108910,20749,,,198,67
1553468400000,2019-03-25,5683762,117313,1122545,41997,17977,8770,982180,14,127068,20840,,,179,77
1554069600000,2019-04-01,5370389,117908,1119986,42267,15424,8853,970704,14,136917,20915,,,465,327
1554674400000,2019-04-08,5131852,118459,1109348,42473,17920,8918,993873,14,133046,21010,,,105,410
1555279200000,2019-04-15,4581166,118944,994943,42648,21148,9005,892958,14,127080,21074,,,561,428
1555884000000,2019-04-22,4641246,119455,1037965,42892,25699,11518,920133,14,126606,21133,,,489,440
1556488800000,2019-04-29,4749529,119876,932229,43112,15453,12599,797648,15,108962,21184,,,234,448
1557093600000,2019-05-06,5474130,120371,1078345,43317,22271,13241,931933,15,133673,21271,,,885,455
1557698400000,2019-05-13,5525259,120846,1092561,43556,42828,14381,981106,16,143700,21344,,,666,473
1558303200000,2019-05-20,5205440,121382,1109132,43785,22835,15480,991899,16,158911,21449,,,824,482
1558908000000,2019-05-27,4551131,121820,1058236,44049,18199,16401,932035,16,136062,21536,,,474,491
1559512800000,2019-06-03,4927806,122231,1092519,44230,22492,16996,953080,17,164635,21594,,,476,507
1560117600000,2019-06-10,4982698,122671,1126856,44397,19760,17399,961812,17,173881,21640,,,965,517
1560722400000,2019-06-17,5022935,123076,1149308,44534,19518,17810,995567,17,183271,21714,,,617,528
1561327200000,2019-06-24,5008734,123435,1163274,44664,20697,18189,1002036,17,180504,21785,,,989,538
1561932000000,2019-07-01,4626166,123825,1099137,44790,22778,18920,992586,17,162087,21847,,,361,553
1562536800000,2019-07-08,5271562,124236,1149372,44938,24382,19356,1040558,17,180881,21912,,,219,565
1563141600000,2019-07-15,5050896,124638,1142788,45114,17889,19589,1004463,17,178724,21987,,,1740,573
1563746400000,2019-07-22,5016660,125054,1120614,45250,22124,19863,1005507,17,190330,22034,,,874,666
1564351200000,2019-07-29,5076809,125461,1136471,45432,19144,20102,1009212,17,189428,22081,,,1527,820
1564956000000,2019-08-05,5322218,125884,1120886,45557,21309,20377,1018674,17,199806,22135,,,794,868
1565560800000,2019-08-12,5249305,126284,1072321,45710,20221,20647,976817,17,182416,22181,,,726,900
1566165600000,2019-08-19,5555773,126703,1178059,45933,21797,20874,1044130,17,197408,22234,,,1073,919
1566770400000,2019-08-26,5715418,127047,1213220,46241,22409,21125,1124084,17,201376,22279,,,460,931
1567375200000,2019-09-02,5340239,127436,1171091,46543,24523,21404,1049397,18,174849,22328,,,772,950
1567980000000,2019-09-09,5652940,127821,1232449,46845,24896,21609,1100703,19,177368,22401,,,755,998
1568584800000,2019-09-16,5615548,128217,1269580,47146,22450,21834,1051081,19,176742,22470,,,824,1061
1569189600000,2019-09-23,5784989,128641,1302985,47430,25156,22149,1105042,20,198301,22545,,,691,1094
1569794400000,2019-09-30,6009497,129014,1250365,47703,23252,22438,1035999,1953,194938,22759,,,814,1120
1570399200000,2019-10-07,5987301,129406,1295167,47978,25155,22831,1113351,5250,203159,22880,,,621,1129
1571004000000,2019-10-14,5891916,129793,1336886,48255,26485,23158,1118982,6001,196085,22955,,,739,1151
1571608800000,2019-10-21,6254915,130192,1351958,48526,30674,23486,1186475,6296,205832,23031,,,701,1171
1572217200000,2019-10-28,5994864,130569,1294608,48775,40814,23854,1354122,6534,203141,23121,,,447,1188
1572822000000,2019-11-04,6608582,130960,1366511,49074,40655,24113,1285383,6770,218492,23199,,,781,1203
1573426800000,2019-11-11,6379161,131308,1363931,49356,33912,24366,1251417,6913,202903,23289,,,567,1219
1574031600000,2019-11-18,6600927,131736,1388867,49653,38072,24633,1462194,7054,214653,23362,,,874,1236
1574636400000,2019-11-25,5667056,132072,1252960,49928,39574,25056,1154319,7189,178421,23430,,,768,1250
1575241200000,2019-12-02,6340700,132423,1317576,50182,35500,25329,1228478,7303,205541,23496,,,1005,1272
1575846000000,2019-12-09,6351000,132763,1308162,50458,38666,25560,1248850,7449,207705,23598,,,609,1288
1576450800000,2019-12-16,6161232,133091,1284880,50711,36056,26085,1352712,7574,197776,23694,,,1240,1311
1577055600000,2019-12-23,2978620,133422,685146,50895,28665,26486,799016,7722,82711,23751,,,885,1337
1577660400000,2019-12-30,3264427,133728,718241,51094,26182,26862,729539,7832,91891,23822,,,1111,1377
1578265200000,2020-01-06,5983265,134092,1255473,51358,35177,27193,1241249,8008,184587,23925,,,1506,1399
1578870000000,2020-01-13,6485855,134485,1328940,51617,40141,27420,1317185,8145,216265,23986,,,1569,1408
1579474800000,2020-01-20,6237933,134791,1323861,51864,43127,27604,1267680,8209,199754,24036,,,1539,1488
1580079600000,2020-01-27,6364562,135080,1351726,52093,42831,27833,1280686,8260,215240,24083,,,1276,1505
1580684400000,2020-02-03,6537976,135406,1427057,52476,39767,28090,1395446,8357,247315,24150,,,619,1529
1581289200000,2020-02-10,6856634,135741,1516741,52784,41270,28307,1425623,8436,237279,24218,,,331,1539
1581894000000,2020-02-17,6878395,136139,1495287,53096,41904,28580,1434999,8576,237029,24274,,,818,1545
1582498800000,2020-02-24,7380054,136526,1516446,53355,44926,28805,1485705,8738,245299,24320,,,984,1566
1583103600000,2020-03-02,7620859,136900,1543305,53604,43116,28986,1534761,8852,256248,24382,,,638,1584
1583708400000,2020-03-09,7543160,137276,1527666,53839,46970,29278,1538102,8996,249156,24439,,,491,1594
1584313200000,2020-03-16,7868343,137638,1568532,54055,48227,29498,1561522,9138,265447,24484,,,231,1608
1584918000000,2020-03-23,8203456,137988,1629526,54296,46726,29695,1639862,9263,261065,24558,,,622,1648
1585519200000,2020-03-30,8503443,138400,1606457,54529,48698,29925,1631595,9394,274503,24617,,,965,1668
1586124000000,2020-04-06,8413064,138813,1525071,54765,52435,30264,1564524,9540,267138,24713,,,756,1678
1586728800000,2020-04-13,7682606,139243,1479902,55057,51429,30444,1486808,10267,253713,24801,,,912,1708
1587333600000,2020-04-20,8376589,139696,1626400,55319,53237,30647,1641202,10898,273446,24875,,,588,1733
1587938400000,2020-04-27,7889580,140131,1518704,55583,59386,31004,1507352,11134,268604,24938,43,1,793,1772
1588543200000,2020-05-04,8008253,140552,1593599,55833,59622,31245,1533133,11363,301190,25006,55,6,744,1832
1589148000000,2020-05-11,8333234,141007,1644322,56074,61803,31453,1634020,11614,283126,25061,63,126,431,1864
1589752800000,2020-05-18,8009105,141426,1542693,56337,65315,31663,1566596,11791,303942,25114,143,169,1289,1879
1590357600000,2020-05-25,7417783,141885,1508673,56601,67099,31890,1589873,11951,286851,25167,811,1130,2686,1901
1590962400000,2020-06-01,7851621,142308,1552622,56858,63081,32111,1636340,12116,291057,25220,352,1343,2569,2905
1591567200000,2020-06-08,7717175,142723,1578113,57098,70245,32298,1590712,12323,295228,25277,221,1458,777,3065
1592172000000,2020-06-15,7745459,143115,1583706,57359,65572,32477,1649195,12451,294553,25333,420,1589,1124,3140
1592776800000,2020-06-22,6357009,143467,1315076,57667,53546,32654,1327939,12583,241701,25383,385,1649,883,3201
1593381600000,2020-06-29,7281177,143879,1577844,57899,63978,32827,1595043,12745,274706,25429,464,1689,527,3240
1593986400000,2020-07-06,7511919,144330,1690520,58137,70919,33022,1647600,12931,296397,25482,566,1706,499,3299
1594591200000,2020-07-13,7507807,144758,1683635,58379,71112,33195,1685306,13175,296383,25540,463,1722,985,3351
1595196000000,2020-07-20,7614204,145249,1716036,58619,71492,33454,1597739,13435,319831,25600,479,1746,978,3395
1595800800000,2020-07-27,8199580,145681,1746152,58855,76782,33636,1685410,13630,355557,25657,478,1756,1851,3412
1596405600000,2020-08-03,7762858,146113,1717446,59072,77429,33809,1639713,13810,340693,25706,559,1770,1414,3427
1597010400000,2020-08-10,7717821,146669,1710137,59867,84487,33958,1630386,13959,336222,25750,515,1777,1225,3448
1597615200000,2020-08-17,7740838,147062,1766216,60148,87360,34097,1737515,14118,331727,25803,489,1794,2044,3470
1598220000000,2020-08-24,7900757,147454,1825119,60374,87167,34251,1866332,14290,343661,25864,494,1949,2387,3609
1598824800000,2020-08-31,8011673,147862,1839971,60575,89725,34447,1897133,14453,359007,25930,533,1989,1250,3694
1599429600000,2020-09-07,7442448,148294,1780052,60888,85100,34603,1835761,14580,346740,25980,1084,2021,1295,3739
1600034400000,2020-09-14,8267005,148659,1916826,61093,97321,34760,1965495,15629,398272,26050,937,2046,1934,3821
1600639200000,2020-09-21,8265063,149039,1943569,61294,102436,34941,1917326,16747,403392,26116,949,2059,2915,3928
1601244000000,2020-09-28,8239392,149408,1911961,61466,99213,35090,1856113,16994,392779,26162,1008,2080,2725,3965
1601848800000,2020-10-05,8290032,149762,1992448,61661,104927,35208,1895752,17150,391364,26204,900,2115,3966,3988
1602453600000,2020-10-12,8556856,150132,2009905,61831,105937,35343,1987698,17316,387135,26262,1127,2127,3987,4020
1603058400000,2020-10-19,9226864,150626,2081562,62034,109722,36337,2052625,17462,417089,26312,1201,2138,3900,4068
1603666800000,2020-10-26,9251818,151005,2044541,62238,109501,36530,2033782,17583,420507,26349,2227,2199,2760,4096
1604271600000,2020-11-02,8827870,151349,2068602,62435,99640,36717,1957614,17663,433725,26399,1963,2225,2598,4118
1604876400000,2020-11-09,8964064,151720,2111003,62820,104165,36915,1969915,17756,438134,26449,1073,2246,3909,4156
1605481200000,2020-11-16,9262315,152090,2170245,63066,100197,37145,2016554,17880,453478,26495,1276,2265,3365,4193
1606086000000,2020-11-23,8137286,152481,2011024,63275,103044,37365,1895971,18026,409242,26541,1879,2351,3323,4245
1606690800000,2020-11-30,9053668,152846,2181381,63489,109492,37582,2028145,18197,471127,26634,1739,2408,4282,4343
1607295600000,2020-12-07,9297040,153236,2171537,63691,108217,37773,2074844,18343,485629,26711,1715,2453,6233,4368
1607900400000,2020-12-14,8965497,153637,2235259,63858,110087,37970,2033873,18459,478654,26776,1764,2463,5452,4395
1608505200000,2020-12-21,5599522,154005,1424918,64025,76171,38150,1438991,18580,275123,26833,1981,2529,2808,4490
1609110000000,2020-12-28,4219988,154327,1095571,64279,70692,38288,1073836,18697,213954,26881,1222,2562,2740,4538
1609714800000,2021-01-04,8168373,154684,2004126,64675,105035,38473,1885899,18836,452740,26954,2041,2590,5052,4610
1610319600000,2021-01-11,9124715,155055,2276440,64922,113488,39471,2060170,18955,508685,27018,1776,2619,6704,4663
1610924400000,2021-01-18,8804616,155428,2252001,65142,109376,40514,2036414,19080,483794,27081,1460,2641,3247,4700
1611529200000,2021-01-25,9638028,155808,2409320,65347,121742,40764,2170525,19201,563296,27143,1804,2743,4438,4821
1612134000000,2021-02-01,10295430,156208,2532128,65539,126014,40957,2283055,19352,592888,27198,1926,2805,25109,4870
1612738800000,2021-02-08,9996830,156550,2503989,65745,129299,41731,2082645,19432,592528,27249,2157,2885,17000,4905
1613343600000,2021-02-15,9679018,156905,2459725,65912,122635,41941,2149194,19645,571236,27302,2153,2934,14811,4948
1613948400000,2021-02-22,10246763,157254,2571044,66085,130870,42104,2259066,19774,625202,27361,1793,2964,13173,5001
1614553200000,2021-03-01,10501180,157656,2601605,66264,140363,42319,2389112,19892,648724,27408,2106,3000,12727,5035
1615158000000,2021-03-08,10674593,158077,2617862,66756,141444,42525,2393959,20013,657469,27469,3116,3030,15595,5108
1615762800000,2021-03-15,10596555,158447,2634210,66942,140293,42718,2337799,20125,682925,27548,2436,3062,14967,5153
1616367600000,2021-03-22,10733574,158965,2622601,67113,141137,42959,2301762,20232,663238,27607,2699,3096,12531,5191
1616968800000,2021-03-29,9975482,159326,2375116,67302,149900,43131,2208126,20380,590006,27664,2951,3120,13275,5241
1617573600000,2021-04-05,10082600,159683,2456690,67477,148177,43287,2209183,20498,607208,27725,3742,3180,12846,5302
1618178400000,2021-04-12,10494117,160040,2599580,67665,148168,43560,2308202,20625,620776,27804,3991,3240,13276,5359
1618783200000,2021-04-19,10726684,160417,2645228,67827,155444,43762,2377709,20748,674348,27869,6180,3295,13671,5441
1619388000000,2021-04-26,10814964,160784,2596901,68010,160518,43969,2276929,20886,690517,27935,3952,3319,12720,5486
1619992800000,2021-05-03,10632282,161118,2571523,68186,158986,44193,2196890,21002,671654,27987,4659,3338,11313,5515
1620597600000,2021-05-10,10802717,161457,2540696,68372,230406,44354,2365106,21157,659022,28037,4388,3366,10705,5630
1621202400000,2021-05-17,10873286,161813,2700141,68564,272989,44500,2358918,21274,669078,28078,3986,3395,10880,5685
1621807200000,2021-05-24,10898872,162179,2640595,68758,161901,44663,2417486,21398,650781,28123,4131,3444,10550,5742
1622412000000,2021-05-31,10164796,162538,2538840,68932,144058,44820,2415415,21511,633461,28169,4207,3507,11470,5777
1623016800000,2021-06-07,11262401,162944,2719860,69108,153660,45003,2628902,21735,689960,28221,4104,3549,11874,5798
1623621600000,2021-06-14,10768734,163303,2669300,69266,151743,45159,2552092,21844,679490,28277,5154,3570,22010,5824
1624226400000,2021-06-21,10807414,163697,2635344,69437,152877,45416,2514273,21960,669661,28336,3480,3653,21468,5859
1624831200000,2021-06-28,10831223,164048,2608113,69583,159564,45583,2595955,22075,692787,28399,3955,3701,17231,7688
1625436000000,2021-07-05,10265872,164406,2506619,69860,155668,45754,2491356,22191,692596,28467,4641,3733,16231,8602
1626040800000,2021-07-12,10636147,164768,2553564,70007,154047,45931,2497135,22351,681347,28523,4451,3813,16365,8920
1626645600000,2021-07-19,10465662,165143,2470060,70164,172715,46119,2448807,22506,685349,28571,4529,3883,16745,9061
1627250400000,2021-07-26,10735396,165491,2557699,70675,175180,46256,2503562,22600,740339,28616,5538,3928,16911,9242
1627855200000,2021-08-02,10740114,165822,2538483,70839,175279,46461,2425941,22712,725682,28666,6012,3990,15620,9361
1628460000000,2021-08-09,10874750,166261,2551425,71003,179789,46782,2413586,22994,718229,28711,4952,4045,15508,9768
1629064800000,2021-08-16,10807082,166675,2556372,71160,169941,46985,2435019,23139,745061,28757,4736,4082,15279,9967
1629669600000,2021-08-23,11033939,167090,2629826,71408,187621,47174,2514644,23270,759499,28814,5588,4126,15662,10093
1630274400000,2021-08-30,11367424,167472,2663891,71560,186682,47390,2585817,23393,778994,28888,5766,4168,15029,10233
1630879200000,2021-09-06,10733688,167891,2561824,71715,181815,47571,2543514,23511,727570,28937,6425,4199,14171,10429
1631484000000,2021-09-13,11649521,168272,2764457,71849,192166,47754,2664973,23623,779898,28988,5747,4229,15163,10594
1632088800000,2021-09-20,11649537,168678,2770706,72005,199930,47947,2602325,23735,779285,29022,5469,4272,14974,10741
1632693600000,2021-09-27,11701844,168997,2773702,72159,200940,48113,2635115,23843,795745,29069,5940,4307,14403,10857
1633298400000,2021-10-04,11774591,169336,2869619,72371,197608,48270,2602412,24007,802310,29150,5632,4364,14994,10925
1633903200000,2021-10-11,11624556,169678,2748964,72512,201995,48447,2603141,24142,822452,29215,5501,4436,16604,11009
1634508000000,2021-10-18,12174653,170037,2928119,72651,212970,48649,2694763,24229,887887,29256,6352,4488,14984,11110
1635112800000,2021-10-25,12416504,170465,2939976,72812,203527,49060,2706697,24352,878681,29307,6150,4535,14004,11242
1635721200000,2021-11-01,11973074,170845,2587523,72976,206583,49252,2638807,24477,839768,29374,5862,4569,13485,11314
1636326000000,2021-11-08,12285580,171158,2824032,73121,207049,49634,2703510,24569,870082,29430,5401,4613,13293,11423
1636930800000,2021-11-15,12578345,171513,2903110,73261,218600,50272,2866647,24680,915215,29481,6856,4654,14366,11501
1637535600000,2021-11-22,11330114,171842,2624591,73425,210628,50476,2668685,24800,855823,29540,7583,4827,12331,11585
1638140400000,2021-11-29,12835952,172191,2863294,73564,223369,50706,2891729,24898,975773,29589,6781,4869,13210,12198
1638745200000,2021-12-06,12963888,172619,2840963,73738,221828,50908,2937625,25026,951232,29624,6894,4934,12108,12354
1639350000000,2021-12-13,13736423,173035,2820531,73909,244155,51236,2876344,25142,941816,29674,7503,5021,12857,12494
1639954800000,2021-12-20,10643386,173383,2129547,74053,188262,51477,2238552,25244,716138,29718,8188,5089,10473,12600
1640559600000,2021-12-27,7685026,173739,1456105,74209,161688,51698,1580983,25351,495878,29757,6804,5166,11195,12730
1641164400000,2022-01-03,11902944,174166,2280581,74343,221394,51915,2329275,25462,828966,29831,9646,5230,13567,12926
1641769200000,2022-01-10,14309994,174578,2807718,74608,260558,52169,2792869,25573,1009249,29891,9159,5307,14720,13094
1642374000000,2022-01-17,14207398,175037,2873291,74795,264940,52400,2974040,25806,1038373,29952,10052,5407,15769,13192
1642978800000,2022-01-24,14736478,175481,2911632,74959,275578,52695,2958415,25974,1104635,30030,9630,5468,18368,13325
1643583600000,2022-01-31,14949897,175841,2934125,75129,274358,52892,2781475,26047,1087180,30103,9360,5535,16140,13436
1644188400000,2022-02-07,15893755,176280,3147963,75315,287049,53180,3249322,26275,1167888,30229,10677,5663,17599,13551
1644793200000,2022-02-14,15821851,176703,3065160,75494,279274,53456,3278699,26489,1222264,30305,11414,5730,16587,13879
1645398000000,2022-02-21,14904771,177073,2905474,75633,263572,53671,3084924,26665,1122241,30354,9720,5787,16646,14151
1646002800000,2022-02-28,15272382,177977,2885062,75812,262128,53856,3149216,26857,1164885,30426,11465,5839,17092,14783
1646607600000,2022-03-07,15406334,178478,2957969,75981,265601,54022,3128842,27089,1215406,30485,10032,5888,17182,15172
1647212400000,2022-03-14,15558730,178874,2986043,76134,268350,54195,3192370,27304,1228484,30522,10022,5923,18885,15345
1647817200000,2022-03-21,15854286,179347,3027210,76304,263991,54401,3217337,27489,1229428,30575,9869,5952,19262,15554
1648418400000,2022-03-28,16407383,180119,3044599,76471,286435,54573,3292333,27708,1289689,30615,9458,6027,20815,15718
1649023200000,2022-04-04,15605976,180559,3014460,76635,292759,54717,3174791,27882,1310874,30655,12141,6062,22285,15898
1649628000000,2022-04-11,14603739,181011,2729855,76779,278299,54870,2987259,28044,1877769,30709,10815,6116,21254,16017
1650232800000,2022-04-18,14148642,181430,2736102,76901,286473,55042,3031358,28229,1725899,30758,11584,6202,17492,16144
1650837600000,2022-04-25,15145008,181822,2992572,77159,297833,55236,3287314,28408,1349052,30811,11593,6256,20532,16242
1651442400000,2022-05-02,13325943,182222,2720483,77300,301070,55420,2979263,28582,1227498,30843,11600,6368,18974,16383
1652047200000,2022-05-09,14755209,182573,3116184,77467,312259,55614,3304036,28752,1364915,30879,11624,6451,23149,16571
1652652000000,2022-05-16,15586731,182967,3136194,77620,316929,55789,3401079,28946,1416584,30927,12581,6498,27725,17482
1653256800000,2022-05-23,15283011,183471,2938766,77795,304482,55946,3240074,29100,1339079,30966,14175,6552,28828,17829
1653861600000,2022-05-30,15146118,183852,3367737,78062,309002,56362,3269225,29261,1369860,30994,11336,6599,28263,18174
1654466400000,2022-06-06,15791566,184214,3024556,78226,313310,56897,3346848,29467,1426215,31045,12844,6640,26724,18516
1655071200000,2022-06-13,16018795,184881,2999927,78385,311017,57075,3290067,29626,1434609,31107,12022,6670,25867,18761
1655676000000,2022-06-20,15971572,185326,3042053,78517,319026,57320,3292226,29794,1432278,31179,11383,6725,25239,18967
1656280800000,2022-06-27,15803769,185698,3010511,78789,346187,57625,3259462,29944,1440045,31347,11203,6823,31107,19134
1656885600000,2022-07-04,14516609,186080,2850162,78955,349646,58064,3364154,30118,1383015,31448,12439,6948,29443,19530
1657490400000,2022-07-11,15430672,186484,2916415,79099,387108,58264,3365446,30290,1432303,31524,13987,7039,30809,19716
1658095200000,2022-07-18,13444532,186869,2479757,79256,308753,58510,2840933,30450,1228735,31622,11819,7165,26741,19908
1658700000000,2022-07-25,15794721,187449,2943689,79432,353126,58718,3326250,30611,1463977,31692,13586,7242,28463,20089
1659304800000,2022-08-01,15805808,187890,2949812,79581,353694,58888,3314618,30753,1511370,31751,14179,7293,37073,20290
1659909600000,2022-08-08,16008865,188292,2925885,79723,355104,59067,3274795,30899,1554858,31803,14338,7342,37075,20677
1660514400000,2022-08-15,15573746,188700,2831645,79903,351366,59248,3199825,31056,1541402,31857,13146,7382,29276,20826
1661119200000,2022-08-22,16573839,189102,3022002,80057,355277,59392,3435243,31189,1637913,31925,14825,7428,38464,20968
1661724000000,2022-08-29,16234031,189507,2901423,80222,365520,59522,3502674,31348,1629961,31971,14367,7487,45148,21134
1662328800000,2022-09-05,15767376,189865,2959892,80371,370434,59691,3449798,31476,1589377,32089,15096,7539,39346,21279
1662933600000,2022-09-12,17088655,190220,3200669,80540,377203,59837,3541121,31621,1712297,32164,14671,7581,41603,21435
1663538400000,2022-09-19,16663346,190592,3186802,80686,371038,60007,3400492,31742,1655408,32243,14811,7649,41020,21621
1664143200000,2022-09-26,17318529,190921,3161188,80813,378156,60152,3546248,31860,1692975,32321,15504,7695,42597,21812
1664748000000,2022-10-03,16648081,191200,3070901,80940,369635,60280,3463823,31970,1695430,32367,16787,7744,43122,21930
1665352800000,2022-10-10,16747391,191610,3135503,81082,390170,60436,3651224,32126,1728967,32421,16658,7902,40316,22078
1665957600000,2022-10-17,17794096,192007,3203185,81216,402799,60592,3772930,32272,1816090,32466,18630,8769,45580,22256
1666562400000,2022-10-24,17729507,192492,3102850,81350,416708,60734,3808071,32407,1866992,32504,18161,8938,47284,22410
1667170800000,2022-10-31,19359728,192854,3126112,81496,422483,60889,3618152,32548,2179759,32560,18599,9091,50184,22532
1667775600000,2022-11-07,18493159,193177,3238687,81634,419836,61007,3939309,32691,2038106,32612,18847,9245,50441,22757
1668380400000,2022-11-14,19039019,193532,3338211,81937,17193279,61120,3872191,32819,1936016,32654,18250,9353,56077,22935
1668985200000,2022-11-21,16560827,193931,3123838,82066,28659633,61247,3651896,32935,1764487,32701,16610,9406,47083,23048
1669590000000,2022-11-28,18483375,194300,3275298,82196,2802234,61429,44591829,33058,1958026,32749,21309,9482,53894,23197
1670194800000,2022-12-05,18237745,194657,3200118,82319,431774,61598,47371255,33188,1936893,32788,17017,9561,53828,23344
1670799600000,2022-12-12,17881147,195005,3189821,82430,455870,61873,49475181,33356,1926034,32828,19568,9720,57836,23514
1671404400000,2022-12-19,15237849,195336,2703465,82554,385436,62082,27983824,33444,1615874,32859,16831,9771,45186,23644
1672009200000,2022-12-26,9584721,195633,1663460,82666,286465,62230,2179635,33543,981534,32884,13697,9850,26392,23772
1672614000000,2023-01-02,14516571,196012,2511789,82810,394286,62460,3033141,33683,1611742,32919,18205,9934,47279,23931
1673218800000,2023-01-09,18026736,196439,3176848,82945,460618,62665,3745237,33808,1973235,32987,22133,10019,63959,24180
1673823600000,2023-01-16,17624450,196812,3160455,83083,459526,62887,3584771,33899,1982498,33041,22285,10084,61943,24386
1674428400000,2023-01-23,18272281,197167,3117515,83200,466514,63077,3597321,34012,2018736,33090,22047,10149,61146,24556
1675033200000,2023-01-30,19878429,197567,3338930,83330,486263,63285,3966687,34165,2128550,33145,21797,10236,65838,24744
1675638000000,2023-02-06,20293245,198099,3398925,83460,482360,63520,3988107,34336,2208605,33217,21241,10344,67979,24908
1676242800000,2023-02-13,19983862,198672,3375358,83707,494721,63720,4073871,34532,2270934,33277,22461,10438,71783,25131
1676847600000,2023-02-20,19700867,199113,3275913,83865,490771,63882,3907386,34728,2235026,33336,24074,10485,71398,25384
1677452400000,2023-02-27,19399202,199520,3416677,84029,489357,64060,4041936,34924,2390882,33421,24641,10548,74434,25625
1678057200000,2023-03-06,19139631,199976,3299708,84176,505403,64224,3902033,35117,2333813,33479,25765,10607,93742,25800
1678662000000,2023-03-13,19593119,200486,3417731,84345,523053,64391,4014943,35310,2413938,33526,25561,10662,103852,25971
1679266800000,2023-03-20,19914975,201003,3344232,84493,530692,64546,3917496,35481,2439581,33578,26307,10709,100983,26141
1679868000000,2023-03-27,20530933,201476,3407995,84636,524990,64719,3909447,35671,2511647,33628,23842,10754,101407,26304
1680472800000,2023-04-03,18356251,201984,3044360,84828,491936,64899,3534531,35858,2222958,33658,24743,10822,93781,26481
1681077600000,2023-04-10,18918023,202382,3119377,84989,480305,65066,3688102,36045,2274958,33699,30740,11137,85706,26600
1681682400000,2023-04-17,20815502,202778,3291721,85137,506273,65246,3894946,36208,2476596,33738,29945,11270,97575,26693
1682287200000,2023-04-24,20651117,203213,3262950,85403,504198,65413,3836305,36378,2422953,33779,31454,11378,91476,26805
1682892000000,2023-05-01,18550225,203638,2972702,85585,480880,65565,3336977,36528,2341069,33820,31427,11624,84820,26921
1683496800000,2023-05-08,19808124,204075,3341018,85732,527170,65805,3864771,36716,2585413,33875,32240,11871,83496,27030
1684101600000,2023-05-15,19962783,204499,3266507,85887,507915,66020,3919810,36925,2547625,33912,35324,12005,78504,27131
1684706400000,2023-05-22,19436362,204918,3300227,86024,529396,66195,4013366,37092,2501976,33958,35920,12215,78323,27225
1685311200000,2023-05-29,19113565,205380,3132948,86154,523163,66375,3869633,37237,2397714,34005,29611,12333,82127,27331
1685916000000,2023-06-05,20091049,205748,3273967,86286,524474,66551,3989300,37393,2479666,34040,31091,12422,82523,27438
1686520800000,2023-06-12,21051769,206142,3413909,86451,534899,66735,4048312,37578,2489206,34084,36663,12595,85144,27530
1687125600000,2023-06-19,19944987,206489,3324610,86731,10902768,68002,3903935,37703,2391839,34130,34648,12753,78781,27613
1687730400000,2023-06-26,19850081,206865,3304905,86875,605439,68673,3897758,37842,2388657,34168,34710,13020,87620,27723
1688335200000,2023-07-03,18669112,207227,3133942,87026,626541,68963,3848038,37973,2263030,34213,35297,13830,77290,27784
1688940000000,2023-07-10,20655463,207595,3388123,87161,605375,69231,4027509,38136,2468876,34269,39803,15025,104279,27895
1689544800000,2023-07-17,20505496,207949,3374822,87305,633667,69531,3905488,38290,2387067,34311,41228,15684,105053,27983
1690149600000,2023-07-24,20420164,208306,3324868,87433,600798,69739,3894435,38428,2378841,34357,43744,16147,104624,28068
1690754400000,2023-07-31,20514415,208654,3220296,87577,622103,69901,3943400,38568,2564699,34397,35736,16536,113422,28143
1691359200000,2023-08-07,20892358,209012,3186172,87718,605987,70068,3855038,38705,2519401,34435,40139,17037,117950,28211
1691964000000,2023-08-14,20202611,209374,2957693,87913,606535,70251,3673959,38850,2435183,34485,36818,17913,113878,28297
1692568800000,2023-08-21,21969928,209694,3196289,88026,727973,70397,3883223,39173,2617463,34520,40008,18503,117303,28362
1693173600000,2023-08-28,21207154,210024,3203255,88154,716164,70551,3856524,39358,2479436,34560,38289,19452,126505,28417
1693778400000,2023-09-04,19991228,210464,3178122,88292,702084,70737,3825930,39515,2385602,34598,48047,20046,131030,28492
1694383200000,2023-09-11,21098028,210797,3361756,88589,732294,70902,4009236,39656,2593989,34626,39993,20479,132653,28546
1694988000000,2023-09-18,21223899,211102,3279276,88718,687880,71136,3987996,39805,2609439,34676,43779,20863,136560,28620
1695592800000,2023-09-25,21430027,211418,3264199,88883,698410,71287,3935692,39934,2683343,34710,43726,21189,132757,28681
1696197600000,2023-10-02,21102414,211710,3158574,89014,699054,71411,3818647,40025,2677606,34745,43271,21468,140340,28730
1696802400000,2023-10-09,21092038,211990,3219929,89190,693672,71530,3913807,40146,2564621,34771,41846,21740,137707,28808
1697407200000,2023-10-16,22595372,212275,3422585,89315,766755,71659,4222891,40267,2727430,34812,62167,22063,162648,28883
1698012000000,2023-10-23,22459781,212595,3293591,89441,761644,71785,4395435,40429,2668401,34838,68198,22324,159581,28946
1698620400000,2023-10-30,15772963,212906,2229274,89559,559574,71916,3035539,40557,1898110,34944,52008,22626,127252,29020
1699225200000,2023-11-06,22768312,213201,3385161,90538,802810,72149,4444314,40716,2797144,35034,53443,22936,169816,29094
1699830000000,2023-11-13,22450056,213491,3248459,90731,1344910,72456,4331265,40852,2734134,35095,46318,23262,174649,29167
1700434800000,2023-11-20,21046687,213800,3154549,91194,1002699,72642,4069015,40982,2549942,35141,48609,23578,161452,29232
1701039600000,2023-11-27,22801651,214108,3340404,91472,813220,72849,4424352,41360,2830332,35184,49858,23925,168682,29291
1701644400000,2023-12-04,21286476,214347,3232092,91591,816252,73019,4364740,41503,2809195,35222,43736,24227,167967,29363
1702249200000,2023-12-11,21822661,214653,3258540,91680,846794,73191,4243421,41628,2817265,35256,45943,24555,169877,29423
1702854000000,2023-12-18,20205628,214908,2908080,91821,791152,73368,3954601,41760,2472576,35299,46264,24981,171773,29492
1703458800000,2023-12-25,12382986,215191,1539469,91920,476755,73499,2478952,41928,1304443,35337,34659,25405,122102,29604
1704063600000,2024-01-01,16820093,215496,2305535,92020,669464,73668,3219817,42076,2082887,35381,41794,25887,160771,29698
1704668400000,2024-01-08,21964079,215926,3252896,92142,841478,73895,4403318,42279,2774848,35419,53453,26557,192259,29896
1705273200000,2024-01-15,21837760,216251,3253561,92288,969191,74043,4543407,42436,2833533,35459,52054,27721,203586,30016
1705878000000,2024-01-22,22889428,216606,3300192,92418,904874,74186,4511682,42575,3048391,35501,57883,28334,205424,30103
1706482800000,2024-01-29,23656651,216986,3435368,92548,903740,74335,4594600,42742,3192993,35549,58159,28864,222734,30177
1707087600000,2024-02-05,23020721,217323,3390334,92666,957064,74501,4469920,42876,3162555,35585,56005,29320,223856,30239
1707692400000,2024-02-12,22252715,217693,3345606,92812,946438,74642,4361788,43003,3091531,35633,58224,29720,211930,30299
1708297200000,2024-02-19,23347156,218081,3425283,92922,990695,74792,4603348,43161,3211889,35677,61581,30094,220328,30352
1708902000000,2024-02-26,25092260,218602,3499251,93231,962590,74956,4886536,43330,3383719,35707,59871,30407,227683,30431
1709506800000,2024-03-04,24348041,218978,3471129,93422,940448,75113,4807570,43489,3530642,35748,61445,30711,227597,30522
1710111600000,2024-03-11,24083387,219375,3502216,93547,941078,75261,4793657,43645,3621564,35800,61945,31019,236217,30587
1710716400000,2024-03-18,23498820,219738,3499661,93669,1014505,75397,4827535,43807,3578168,35833,58867,31289,269996,30666
1711321200000,2024-03-25,20153260,220111,2944263,93788,866252,75537,4349842,43954,3056266,35861,47499,31573,269943,30737
1711922400000,2024-04-01,21651196,220456,3188807,93903,946956,75693,4469433,44079,3302889,35892,54067,31811,273660,30803
1712527200000,2024-04-08,22192653,220798,3275138,94007,1013373,75894,4690098,44225,3439421,35925,54294,32118,308643,30877
1713132000000,2024-04-15,22777584,221131,3432005,94136,1080986,76049,4959780,44350,3563093,35966,59556,32390,330977,30932
1713736800000,2024-04-22,23083419,221537,3384963,94247,1040469,76242,5044652,44504,3609514,35998,56384,32623,364069,31007
1714341600000,2024-04-29,22057480,221898,2959062,94350,993952,76398,4277435,44628,3351539,36028,58618,32816,296215,31074
1714946400000,2024-05-06,22734077,222259,3105290,94452,1019667,76537,4575525,44767,3451194,36067,62557,33014,325112,31139
1715551200000,2024-05-13,24361077,222956,3462015,94545,1093676,76657,4928566,44891,3698981,36108,59600,33227,345727,31203
1716156000000,2024-05-20,23494616,223332,3418635,94725,1035769,76786,4810330,44990,3688501,36141,59567,33474,341202,31320
1716760800000,2024-05-27,23166700,223685,3340941,94831,1059690,76920,4812030,45124,3531536,36177,59544,33754,290551,31404
1717365600000,2024-06-03,24591627,224004,3534522,94923,1093607,77054,5002914,45247,3730087,36215,59196,34022,346320,31456
1717970400000,2024-06-10,24290751,224317,3498032,95022,1119642,77168,4953726,45376,3756836,36264,63332,34295,348020,31521
1718575200000,2024-06-17,23905674,224654,3372659,95144,1137383,77336,5029547,45498,3667120,36308,69423,34778,356506,31580
1719180000000,2024-06-24,24033936,224978,3392634,95255,1154915,77515,4991211,45623,3764890,36356,73789,35125,339330,31637
1719784800000,2024-07-01,22463022,225317,3190470,95355,1068552,77644,4731433,45760,3558302,36387,66869,35350,291214,31694
1720389600000,2024-07-08,24342007,225637,3379728,95475,1109433,77776,4959062,45889,3834607,36421,74226,35530,311906,31746
1720994400000,2024-07-15,24435970,225944,3222586,95562,1015862,77872,4708217,46027,3619917,36457,65921,35708,309513,31791
1721599200000,2024-07-22,9125911,226055,3222586,95599,1015862,77898,4708217,46091,3619917,36463,65921,35754,309513,31809
1722204000000,2024-07-29,9125911,226055,3222586,95599,1015862,77898,4708217,46091,3619917,36463,65921,35754,309513,31809
1722808800000,2024-08-05,9125911,226055,3222586,95599,1015862,77898,4708217,46091,3619917,36463,65921,35754,309513,31809
1723413600000,2024-08-12,9125911,226055,3222586,95599,1015862,77898,4708217,46091,3619917,36463,65921,35754,309513,31809
